Epsilon,Accuracy,F1_Score
0.0001,0.1818079903588795,0.12238272031745555
0.0005,0.10969577220050167,0.008489785726547747
0.001,0.06688527346870139,0.0002402258122635277
