Epsilon,Accuracy,F1_Score
0.0001,0.25589607768949424,0.2634615918106916
0.0005,0.126049242583484,0.052303671286165816
0.001,0.06831462563585151,0.003925211242284413
