Epsilon,Accuracy,F1_Score
0.0001,0.2558540379198722,0.2633893273778974
0.0005,0.12314849847956166,0.04818910573310415
0.001,0.06108378526085677,0.0028277175854268363
